{
  "bundle_version": 1,
  "algorithm": "secnet",
  "preprocessing": {
    "type": "fft_bandpass_channel_standardize",
    "srate": 250.0,
    "band_low": 8.0,
    "band_high": 30.0,
    "demean_each_trial": true,
    "channel_mean": [
      -1.460560067951317e-17,
      5.526443500356335e-19,
      3.043491384839096e-17,
      2.861908241255959e-18,
      -3.5132390823693846e-18,
      3.7816663381009776e-17,
      -1.0263395072090336e-18,
      4.3343106881366114e-17,
      -3.0592812234115424e-18,
      -7.26332574332547e-18,
      2.4020291928334497e-17,
      -8.862046898785694e-18,
      -7.815970093361103e-18,
      1.2316074086508403e-17,
      3.692848496130965e-17,
      9.848911809563611e-18
    ],
    "channel_std": [
      18.470341289387665,
      23.149452863197723,
      38.77305850805552,
      17.648428838620998,
      5.529325104985255,
      30.778677818250166,
      16.33861063082089,
      24.022676049132468,
      18.143609568111586,
      39.05459611221997,
      36.05760374105288,
      13.31185441975852,
      22.518544393122337,
      18.796390175516375,
      25.690669980454796,
      19.69501287585271
    ]
  },
  "channels": [
    "EEG01",
    "EEG02",
    "EEG03",
    "EEG04",
    "EEG05",
    "EEG06",
    "EEG07",
    "EEG08",
    "EEG09",
    "EEG10",
    "EEG11",
    "EEG12",
    "EEG13",
    "EEG14",
    "EEG15",
    "EEG16"
  ],
  "eeg_chans": 16,
  "srate": 250.0,
  "tmin": 1.0,
  "tmax": 4.0,
  "classes": [
    "left_hand",
    "right_hand"
  ],
  "events": {
    "left_hand": 0,
    "right_hand": 1
  },
  "subject": "sub17",
  "sessions": [
    "formal01",
    "formal02"
  ],
  "source_epochs": [
    "D:\\bisai_all\\MetaBCI\\meat2026_li\\MetaBCI-Rehab\\my_data\\rehab_mi_software_marker\\sub17\\formal01\\epochs.npz",
    "D:\\bisai_all\\MetaBCI\\meat2026_li\\MetaBCI-Rehab\\my_data\\rehab_mi_software_marker\\sub17\\formal02\\epochs.npz"
  ],
  "classifier": "secnet",
  "feature": "second_order_secnet",
  "training_epochs": 100,
  "batch_size": 16,
  "learning_rate": 0.001,
  "dropout": 0.2,
  "early_stopping_patience": 100,
  "val_ratio": 0.2,
  "random_state": 42,
  "labels": {
    "1": "left_hand",
    "2": "right_hand"
  },
  "band_low": 8.0,
  "band_high": 30.0,
  "loo_acc": null,
  "holdout_acc": null,
  "holdout_detail": null,
  "class_counts": {
    "0": 30,
    "1": 30
  },
  "params_file": "sub17_all_sessions_secnet.params.pt"
}